State	'integer'	'char'	'boolean'	'string'	'type'	'='	'array'	'['	']'	'of'	'struct'	'{'	'}'	'; 	':'	'function'	'('	')'	', 	'var'	'if'	'else'	'while'	'do'	'break'	'continue'	'&&'	'||'	'<'	'>'	'<='	'>='	'=='	'!='	'+'	'-'	'*'	'/'	'++'	'--'	'!'	'.'	Id	'true'	'false'	c	s	n	$	P'	P	LDE	DE	T	DT	DC	DF	LP	B	LDV	LS	DV	LI	S	U	M	E	L	R	Y	F	LE	LV	IDD	IDU	ID	TRUE	FALSE	CHR	STR	NUM	NB	MF	MC	NF	MT	ME	MW	
0	 	 	 	 	7	 	 	 	 	 	 	 	 	 	 	6	 	 	 	 	 	 	 	 	 	 	 	 	 	 	 	 	 	 	 	 	 	 	 	 	 	 	 	 	 	 	 	 	 	 	1	2	3	 	5	 	4	 	 	 	 	 	 	 	 	 	 	 	 	 	 	 	 	 	 	 	 	 	 	 	 	 	 	 	 	 	 	 	 
1	 	 	 	 	 	 	 	 	 	 	 	 	 	 	 	 	 	 	 	 	 	 	 	 	 	 	 	 	 	 	 	 	 	 	 	 	 	 	 	 	 	 	 	 	 	 	 	 	acc	 	 	 	 	 	 	 	 	 	 	 	 	 	 	 	 	 	 	 	 	 	 	 	 	 	 	 	 	 	 	 	 	 	 	 	 	 	 	 	 
2	 	 	 	 	7	 	 	 	 	 	 	 	 	 	 	6	 	 	 	 	 	 	 	 	 	 	 	 	 	 	 	 	 	 	 	 	 	 	 	 	 	 	 	 	 	 	 	 	-1	 	 	 	8	 	5	 	4	 	 	 	 	 	 	 	 	 	 	 	 	 	 	 	 	 	 	 	 	 	 	 	 	 	 	 	 	 	 	 	 
3	 	 	 	 	-3	 	 	 	 	 	 	 	 	 	 	-3	 	 	 	 	 	 	 	 	 	 	 	 	 	 	 	 	 	 	 	 	 	 	 	 	 	 	 	 	 	 	 	 	-3	 	 	 	 	 	 	 	 	 	 	 	 	 	 	 	 	 	 	 	 	 	 	 	 	 	 	 	 	 	 	 	 	 	 	 	 	 	 	 	 
4	 	 	 	 	-4	 	 	 	 	 	 	 	 	 	 	-4	 	 	 	 	 	 	 	 	 	 	 	 	 	 	 	 	 	 	 	 	 	 	 	 	 	 	 	 	 	 	 	 	-4	 	 	 	 	 	 	 	 	 	 	 	 	 	 	 	 	 	 	 	 	 	 	 	 	 	 	 	 	 	 	 	 	 	 	 	 	 	 	 	 
5	 	 	 	 	-5	 	 	 	 	 	 	 	 	 	 	-5	 	 	 	 	 	 	 	 	 	 	 	 	 	 	 	 	 	 	 	 	 	 	 	 	 	 	 	 	 	 	 	 	-5	 	 	 	 	 	 	 	 	 	 	 	 	 	 	 	 	 	 	 	 	 	 	 	 	 	 	 	 	 	 	 	 	 	 	 	 	 	 	 	 
6	 	 	 	 	 	 	 	 	 	 	 	 	 	 	 	 	 	 	 	 	 	 	 	 	 	 	 	 	 	 	 	 	 	 	 	 	 	 	 	 	 	 	10	 	 	 	 	 	 	 	 	 	 	 	 	 	 	 	 	 	 	 	 	 	 	 	 	 	 	 	 	 	 	9	 	 	 	 	 	 	 	 	 	 	 	 	 	 	 
7	 	 	 	 	 	 	 	 	 	 	 	 	 	 	 	 	 	 	 	 	 	 	 	 	 	 	 	 	 	 	 	 	 	 	 	 	 	 	 	 	 	 	10	 	 	 	 	 	 	 	 	 	 	 	 	 	 	 	 	 	 	 	 	 	 	 	 	 	 	 	 	 	 	11	 	 	 	 	 	 	 	 	 	 	 	 	 	 	 
8	 	 	 	 	-2	 	 	 	 	 	 	 	 	 	 	-2	 	 	 	 	 	 	 	 	 	 	 	 	 	 	 	 	 	 	 	 	 	 	 	 	 	 	 	 	 	 	 	 	-2	 	 	 	 	 	 	 	 	 	 	 	 	 	 	 	 	 	 	 	 	 	 	 	 	 	 	 	 	 	 	 	 	 	 	 	 	 	 	 	 
9	 	 	 	 	 	 	 	 	 	 	 	 	 	 	 	 	-84	 	 	 	 	 	 	 	 	 	 	 	 	 	 	 	 	 	 	 	 	 	 	 	 	 	 	 	 	 	 	 	 	 	 	 	 	 	 	 	 	 	 	 	 	 	 	 	 	 	 	 	 	 	 	 	 	 	 	 	 	 	 	 	 	 	 	 	12	 	 	 	 
10	 	 	 	 	-73	-73	 	 	 	 	 	 	 	 	-73	-73	-73	 	-73	 	 	 	 	 	 	 	 	 	 	 	 	 	 	 	 	 	 	 	 	 	 	 	 	 	 	 	 	 	-73	 	 	 	 	 	 	 	 	 	 	 	 	 	 	 	 	 	 	 	 	 	 	 	 	 	 	 	 	 	 	 	 	 	 	 	 	 	 	 	 
11	 	 	 	 	 	13	 	 	 	 	 	 	 	 	 	 	 	 	 	 	 	 	 	 	 	 	 	 	 	 	 	 	 	 	 	 	 	 	 	 	 	 	 	 	 	 	 	 	 	 	 	 	 	 	 	 	 	 	 	 	 	 	 	 	 	 	 	 	 	 	 	 	 	 	 	 	 	 	 	 	 	 	 	 	 	 	 	 	 
12	 	 	 	 	 	 	 	 	 	 	 	 	 	 	 	 	14	 	 	 	 	 	 	 	 	 	 	 	 	 	 	 	 	 	 	 	 	 	 	 	 	 	 	 	 	 	 	 	 	 	 	 	 	 	 	 	 	 	 	 	 	 	 	 	 	 	 	 	 	 	 	 	 	 	 	 	 	 	 	 	 	 	 	 	 	 	 	 	 
13	18	19	20	21	 	 	15	 	 	 	16	 	 	 	 	 	 	 	 	 	 	 	 	 	 	 	 	 	 	 	 	 	 	 	 	 	 	 	 	 	 	 	23	 	 	 	 	 	 	 	 	 	 	17	 	 	 	 	 	 	 	 	 	 	 	 	 	 	 	 	 	 	 	 	22	 	 	 	 	 	 	 	 	 	 	 	 	 	 
14	 	 	 	 	 	 	 	 	 	 	 	 	 	 	 	 	 	 	 	 	 	 	 	 	 	 	 	 	 	 	 	 	 	 	 	 	 	 	 	 	 	 	10	 	 	 	 	 	 	 	 	 	 	 	 	 	 	24	 	 	 	 	 	 	 	 	 	 	 	 	 	 	 	25	 	 	 	 	 	 	 	 	 	 	 	 	 	 	 
15	 	 	 	 	 	 	 	26	 	 	 	 	 	 	 	 	 	 	 	 	 	 	 	 	 	 	 	 	 	 	 	 	 	 	 	 	 	 	 	 	 	 	 	 	 	 	 	 	 	 	 	 	 	 	 	 	 	 	 	 	 	 	 	 	 	 	 	 	 	 	 	 	 	 	 	 	 	 	 	 	 	 	 	 	 	 	 	 	 
16	 	 	 	 	 	 	 	 	 	 	 	-81	 	 	 	 	 	 	 	 	 	 	 	 	 	 	 	 	 	 	 	 	 	 	 	 	 	 	 	 	 	 	 	 	 	 	 	 	 	 	 	 	 	 	 	 	 	 	 	 	 	 	 	 	 	 	 	 	 	 	 	 	 	 	 	 	 	 	 	 	 	27	 	 	 	 	 	 	 
17	 	 	 	 	-13	 	 	 	 	 	 	 	 	 	 	-13	 	 	 	 	 	 	 	 	 	 	 	 	 	 	 	 	 	 	 	 	 	 	 	 	 	 	 	 	 	 	 	 	-13	 	 	 	 	 	 	 	 	 	 	 	 	 	 	 	 	 	 	 	 	 	 	 	 	 	 	 	 	 	 	 	 	 	 	 	 	 	 	 	 
18	 	 	 	 	-6	 	 	 	 	 	 	-6	-6	-6	 	-6	 	-6	-6	 	 	 	 	 	 	 	 	 	 	 	 	 	 	 	 	 	 	 	 	 	 	 	 	 	 	 	 	 	-6	 	 	 	 	 	 	 	 	 	 	 	 	 	 	 	 	 	 	 	 	 	 	 	 	 	 	 	 	 	 	 	 	 	 	 	 	 	 	 	 
19	 	 	 	 	-7	 	 	 	 	 	 	-7	-7	-7	 	-7	 	-7	-7	 	 	 	 	 	 	 	 	 	 	 	 	 	 	 	 	 	 	 	 	 	 	 	 	 	 	 	 	 	-7	 	 	 	 	 	 	 	 	 	 	 	 	 	 	 	 	 	 	 	 	 	 	 	 	 	 	 	 	 	 	 	 	 	 	 	 	 	 	 	 
20	 	 	 	 	-8	 	 	 	 	 	 	-8	-8	-8	 	-8	 	-8	-8	 	 	 	 	 	 	 	 	 	 	 	 	 	 	 	 	 	 	 	 	 	 	 	 	 	 	 	 	 	-8	 	 	 	 	 	 	 	 	 	 	 	 	 	 	 	 	 	 	 	 	 	 	 	 	 	 	 	 	 	 	 	 	 	 	 	 	 	 	 	 
21	 	 	 	 	-9	 	 	 	 	 	 	-9	-9	-9	 	-9	 	-9	-9	 	 	 	 	 	 	 	 	 	 	 	 	 	 	 	 	 	 	 	 	 	 	 	 	 	 	 	 	 	-9	 	 	 	 	 	 	 	 	 	 	 	 	 	 	 	 	 	 	 	 	 	 	 	 	 	 	 	 	 	 	 	 	 	 	 	 	 	 	 	 
22	 	 	 	 	-10	 	 	 	 	 	 	-10	-10	-10	 	-10	 	-10	-10	 	 	 	 	 	 	 	 	 	 	 	 	 	 	 	 	 	 	 	 	 	 	 	 	 	 	 	 	 	-10	 	 	 	 	 	 	 	 	 	 	 	 	 	 	 	 	 	 	 	 	 	 	 	 	 	 	 	 	 	 	 	 	 	 	 	 	 	 	 	 
23	 	 	 	 	-74	-74	 	-74	-74	 	 	-74	-74	-74	 	-74	-74	-74	-74	 	 	 	 	 	 	 	-74	-74	-74	-74	-74	-74	-74	-74	-74	-74	-74	-74	-74	-74	 	-74	 	 	 	 	 	 	-74	 	 	 	 	 	 	 	 	 	 	 	 	 	 	 	 	 	 	 	 	 	 	 	 	 	 	 	 	 	 	 	 	 	 	 	 	 	 	 	 
24	 	 	 	 	 	 	 	 	 	 	 	 	 	 	 	 	 	28	29	 	 	 	 	 	 	 	 	 	 	 	 	 	 	 	 	 	 	 	 	 	 	 	 	 	 	 	 	 	 	 	 	 	 	 	 	 	 	 	 	 	 	 	 	 	 	 	 	 	 	 	 	 	 	 	 	 	 	 	 	 	 	 	 	 	 	 	 	 	 
25	 	 	 	 	 	 	 	 	 	 	 	 	 	 	30	 	 	 	 	 	 	 	 	 	 	 	 	 	 	 	 	 	 	 	 	 	 	 	 	 	 	 	 	 	 	 	 	 	 	 	 	 	 	 	 	 	 	 	 	 	 	 	 	 	 	 	 	 	 	 	 	 	 	 	 	 	 	 	 	 	 	 	 	 	 	 	 	 	 
26	 	 	 	 	 	 	 	 	 	 	 	 	 	 	 	 	 	 	 	 	 	 	 	 	 	 	 	 	 	 	 	 	 	 	 	 	 	 	 	 	 	 	 	 	 	 	 	32	 	 	 	 	 	 	 	 	 	 	 	 	 	 	 	 	 	 	 	 	 	 	 	 	 	 	 	 	 	 	 	 	31	 	 	 	 	 	 	 	 
27	 	 	 	 	 	 	 	 	 	 	 	33	 	 	 	 	 	 	 	 	 	 	 	 	 	 	 	 	 	 	 	 	 	 	 	 	 	 	 	 	 	 	 	 	 	 	 	 	 	 	 	 	 	 	 	 	 	 	 	 	 	 	 	 	 	 	 	 	 	 	 	 	 	 	 	 	 	 	 	 	 	 	 	 	 	 	 	 	 
28	 	 	 	 	 	 	 	 	 	 	 	 	 	 	34	 	 	 	 	 	 	 	 	 	 	 	 	 	 	 	 	 	 	 	 	 	 	 	 	 	 	 	 	 	 	 	 	 	 	 	 	 	 	 	 	 	 	 	 	 	 	 	 	 	 	 	 	 	 	 	 	 	 	 	 	 	 	 	 	 	 	 	 	 	 	 	 	 	 
29	 	 	 	 	 	 	 	 	 	 	 	 	 	 	 	 	 	 	 	 	 	 	 	 	 	 	 	 	 	 	 	 	 	 	 	 	 	 	 	 	 	 	10	 	 	 	 	 	 	 	 	 	 	 	 	 	 	 	 	 	 	 	 	 	 	 	 	 	 	 	 	 	 	35	 	 	 	 	 	 	 	 	 	 	 	 	 	 	 
30	18	19	20	21	 	 	 	 	 	 	 	 	 	 	 	 	 	 	 	 	 	 	 	 	 	 	 	 	 	 	 	 	 	 	 	 	 	 	 	 	 	 	23	 	 	 	 	 	 	 	 	 	 	36	 	 	 	 	 	 	 	 	 	 	 	 	 	 	 	 	 	 	 	 	22	 	 	 	 	 	 	 	 	 	 	 	 	 	 
31	 	 	 	 	 	 	 	 	37	 	 	 	 	 	 	 	 	 	 	 	 	 	 	 	 	 	 	 	 	 	 	 	 	 	 	 	 	 	 	 	 	 	 	 	 	 	 	 	 	 	 	 	 	 	 	 	 	 	 	 	 	 	 	 	 	 	 	 	 	 	 	 	 	 	 	 	 	 	 	 	 	 	 	 	 	 	 	 	 
32	 	 	 	 	 	 	 	 	-80	 	 	 	 	-80	 	 	 	-80	-80	 	 	 	 	 	 	 	-80	-80	-80	-80	-80	-80	-80	-80	-80	-80	-80	-80	 	 	 	 	 	 	 	 	 	 	 	 	 	 	 	 	 	 	 	 	 	 	 	 	 	 	 	 	 	 	 	 	 	 	 	 	 	 	 	 	 	 	 	 	 	 	 	 	 	 	 
33	 	 	 	 	 	 	 	 	 	 	 	 	 	 	 	 	 	 	 	 	 	 	 	 	 	 	 	 	 	 	 	 	 	 	 	 	 	 	 	 	 	 	10	 	 	 	 	 	 	 	 	 	 	 	 	38	 	 	 	 	 	 	39	 	 	 	 	 	 	 	 	 	 	40	 	 	 	 	 	 	 	 	 	 	 	 	 	 	 
34	18	19	20	21	 	 	 	 	 	 	 	 	 	 	 	 	 	 	 	 	 	 	 	 	 	 	 	 	 	 	 	 	 	 	 	 	 	 	 	 	 	 	23	 	 	 	 	 	 	 	 	 	 	41	 	 	 	 	 	 	 	 	 	 	 	 	 	 	 	 	 	 	 	 	22	 	 	 	 	 	 	 	 	 	 	 	 	 	 
35	 	 	 	 	 	 	 	 	 	 	 	 	 	 	42	 	 	 	 	 	 	 	 	 	 	 	 	 	 	 	 	 	 	 	 	 	 	 	 	 	 	 	 	 	 	 	 	 	 	 	 	 	 	 	 	 	 	 	 	 	 	 	 	 	 	 	 	 	 	 	 	 	 	 	 	 	 	 	 	 	 	 	 	 	 	 	 	 	 
36	 	 	 	 	 	 	 	 	 	 	 	 	 	 	 	 	 	-18	-18	 	 	 	 	 	 	 	 	 	 	 	 	 	 	 	 	 	 	 	 	 	 	 	 	 	 	 	 	 	 	 	 	 	 	 	 	 	 	 	 	 	 	 	 	 	 	 	 	 	 	 	 	 	 	 	 	 	 	 	 	 	 	 	 	 	 	 	 	 	 
37	 	 	 	 	 	 	 	 	 	43	 	 	 	 	 	 	 	 	 	 	 	 	 	 	 	 	 	 	 	 	 	 	 	 	 	 	 	 	 	 	 	 	 	 	 	 	 	 	 	 	 	 	 	 	 	 	 	 	 	 	 	 	 	 	 	 	 	 	 	 	 	 	 	 	 	 	 	 	 	 	 	 	 	 	 	 	 	 	 
38	 	 	 	 	 	 	 	 	 	 	 	 	44	45	 	 	 	 	 	 	 	 	 	 	 	 	 	 	 	 	 	 	 	 	 	 	 	 	 	 	 	 	 	 	 	 	 	 	 	 	 	 	 	 	 	 	 	 	 	 	 	 	 	 	 	 	 	 	 	 	 	 	 	 	 	 	 	 	 	 	 	 	 	 	 	 	 	 	 
39	 	 	 	 	 	 	 	 	 	 	 	 	 	 	46	 	 	 	47	 	 	 	 	 	 	 	 	 	 	 	 	 	 	 	 	 	 	 	 	 	 	 	 	 	 	 	 	 	 	 	 	 	 	 	 	 	 	 	 	 	 	 	 	 	 	 	 	 	 	 	 	 	 	 	 	 	 	 	 	 	 	 	 	 	 	 	 	 	 
40	 	 	 	 	 	 	 	 	 	 	 	 	 	 	-26	 	 	 	-26	 	 	 	 	 	 	 	 	 	 	 	 	 	 	 	 	 	 	 	 	 	 	 	 	 	 	 	 	 	 	 	 	 	 	 	 	 	 	 	 	 	 	 	 	 	 	 	 	 	 	 	 	 	 	 	 	 	 	 	 	 	 	 	 	 	 	 	 	 	 
41	 	 	 	 	 	 	 	 	 	 	 	-82	 	 	 	 	 	 	 	 	 	 	 	 	 	 	 	 	 	 	 	 	 	 	 	 	 	 	 	 	 	 	 	 	 	 	 	 	 	 	 	 	 	 	 	 	 	 	 	 	 	 	 	 	 	 	 	 	 	 	 	 	 	 	 	 	 	 	 	 	 	 	48	 	 	 	 	 	 
42	18	19	20	21	 	 	 	 	 	 	 	 	 	 	 	 	 	 	 	 	 	 	 	 	 	 	 	 	 	 	 	 	 	 	 	 	 	 	 	 	 	 	23	 	 	 	 	 	 	 	 	 	 	49	 	 	 	 	 	 	 	 	 	 	 	 	 	 	 	 	 	 	 	 	22	 	 	 	 	 	 	 	 	 	 	 	 	 	 
43	18	19	20	21	 	 	 	 	 	 	 	 	 	 	 	 	 	 	 	 	 	 	 	 	 	 	 	 	 	 	 	 	 	 	 	 	 	 	 	 	 	 	23	 	 	 	 	 	 	 	 	 	 	50	 	 	 	 	 	 	 	 	 	 	 	 	 	 	 	 	 	 	 	 	22	 	 	 	 	 	 	 	 	 	 	 	 	 	 
44	 	 	 	 	-12	 	 	 	 	 	 	 	 	 	 	-12	 	 	 	 	 	 	 	 	 	 	 	 	 	 	 	 	 	 	 	 	 	 	 	 	 	 	 	 	 	 	 	 	-12	 	 	 	 	 	 	 	 	 	 	 	 	 	 	 	 	 	 	 	 	 	 	 	 	 	 	 	 	 	 	 	 	 	 	 	 	 	 	 	 
45	 	 	 	 	 	 	 	 	 	 	 	 	 	 	 	 	 	 	 	 	 	 	 	 	 	 	 	 	 	 	 	 	 	 	 	 	 	 	 	 	 	 	10	 	 	 	 	 	 	 	 	 	 	 	 	 	 	 	 	 	 	 	51	 	 	 	 	 	 	 	 	 	 	40	 	 	 	 	 	 	 	 	 	 	 	 	 	 	 
46	18	19	20	21	 	 	 	 	 	 	 	 	 	 	 	 	 	 	 	 	 	 	 	 	 	 	 	 	 	 	 	 	 	 	 	 	 	 	 	 	 	 	23	 	 	 	 	 	 	 	 	 	 	52	 	 	 	 	 	 	 	 	 	 	 	 	 	 	 	 	 	 	 	 	22	 	 	 	 	 	 	 	 	 	 	 	 	 	 
47	 	 	 	 	 	 	 	 	 	 	 	 	 	 	 	 	 	 	 	 	 	 	 	 	 	 	 	 	 	 	 	 	 	 	 	 	 	 	 	 	 	 	10	 	 	 	 	 	 	 	 	 	 	 	 	 	 	 	 	 	 	 	 	 	 	 	 	 	 	 	 	 	 	53	 	 	 	 	 	 	 	 	 	 	 	 	 	 	 
48	 	 	 	 	 	 	 	 	 	 	 	55	 	 	 	 	 	 	 	 	 	 	 	 	 	 	 	 	 	 	 	 	 	 	 	 	 	 	 	 	 	 	 	 	 	 	 	 	 	 	 	 	 	 	 	 	 	 	54	 	 	 	 	 	 	 	 	 	 	 	 	 	 	 	 	 	 	 	 	 	 	 	 	 	 	 	 	 	 
49	 	 	 	 	 	 	 	 	 	 	 	 	 	 	 	 	 	-17	-17	 	 	 	 	 	 	 	 	 	 	 	 	 	 	 	 	 	 	 	 	 	 	 	 	 	 	 	 	 	 	 	 	 	 	 	 	 	 	 	 	 	 	 	 	 	 	 	 	 	 	 	 	 	 	 	 	 	 	 	 	 	 	 	 	 	 	 	 	 	 
50	 	 	 	 	-11	 	 	 	 	 	 	 	 	 	 	-11	 	 	 	 	 	 	 	 	 	 	 	 	 	 	 	 	 	 	 	 	 	 	 	 	 	 	 	 	 	 	 	 	-11	 	 	 	 	 	 	 	 	 	 	 	 	 	 	 	 	 	 	 	 	 	 	 	 	 	 	 	 	 	 	 	 	 	 	 	 	 	 	 	 
51	 	 	 	 	 	 	 	 	 	 	 	 	 	 	56	 	 	 	47	 	 	 	 	 	 	 	 	 	 	 	 	 	 	 	 	 	 	 	 	 	 	 	 	 	 	 	 	 	 	 	 	 	 	 	 	 	 	 	 	 	 	 	 	 	 	 	 	 	 	 	 	 	 	 	 	 	 	 	 	 	 	 	 	 	 	 	 	 	 
52	 	 	 	 	 	 	 	 	 	 	 	 	-15	-15	 	 	 	 	 	 	 	 	 	 	 	 	 	 	 	 	 	 	 	 	 	 	 	 	 	 	 	 	 	 	 	 	 	 	 	 	 	 	 	 	 	 	 	 	 	 	 	 	 	 	 	 	 	 	 	 	 	 	 	 	 	 	 	 	 	 	 	 	 	 	 	 	 	 	 
53	 	 	 	 	 	 	 	 	 	 	 	 	 	 	-25	 	 	 	-25	 	 	 	 	 	 	 	 	 	 	 	 	 	 	 	 	 	 	 	 	 	 	 	 	 	 	 	 	 	 	 	 	 	 	 	 	 	 	 	 	 	 	 	 	 	 	 	 	 	 	 	 	 	 	 	 	 	 	 	 	 	 	 	 	 	 	 	 	 	 
54	 	 	 	 	-16	 	 	 	 	 	 	 	 	 	 	-16	 	 	 	 	 	 	 	 	 	 	 	 	 	 	 	 	 	 	 	 	 	 	 	 	 	 	 	 	 	 	 	 	-16	 	 	 	 	 	 	 	 	 	 	 	 	 	 	 	 	 	 	 	 	 	 	 	 	 	 	 	 	 	 	 	 	 	 	 	 	 	 	 	 
55	 	 	 	 	 	 	 	 	 	 	 	 	 	 	 	 	 	 	 	59	 	 	 	 	 	 	 	 	 	 	 	 	 	 	 	 	 	 	 	 	 	 	 	 	 	 	 	 	 	 	 	 	 	 	 	 	 	 	 	57	 	58	 	 	 	 	 	 	 	 	 	 	 	 	 	 	 	 	 	 	 	 	 	 	 	 	 	 	 
56	18	19	20	21	 	 	 	 	 	 	 	 	 	 	 	 	 	 	 	 	 	 	 	 	 	 	 	 	 	 	 	 	 	 	 	 	 	 	 	 	 	 	23	 	 	 	 	 	 	 	 	 	 	60	 	 	 	 	 	 	 	 	 	 	 	 	 	 	 	 	 	 	 	 	22	 	 	 	 	 	 	 	 	 	 	 	 	 	 
57	 	 	 	 	 	 	 	 	 	 	 	-81	 	 	 	 	 	 	 	59	66	 	67	68	71	72	 	 	 	 	 	 	 	 	 	 	 	 	 	 	 	 	23	 	 	 	 	 	 	 	 	 	 	 	 	 	 	 	 	 	61	62	 	63	65	64	 	 	 	 	 	 	70	 	73	 	 	 	 	 	 	69	 	 	 	 	 	 	 
58	 	 	 	 	-21	 	 	 	 	 	 	-21	-21	 	 	-21	 	 	 	-21	-21	-21	-21	-21	-21	-21	 	 	 	 	 	 	 	 	 	 	 	 	 	 	 	 	-21	 	 	 	 	 	-21	 	 	 	 	 	 	 	 	 	 	 	 	 	 	 	 	 	 	 	 	 	 	 	 	 	 	 	 	 	 	 	 	 	 	 	 	 	 	 	 
59	 	 	 	 	 	 	 	 	 	 	 	 	 	 	 	 	 	 	 	 	 	 	 	 	 	 	 	 	 	 	 	 	 	 	 	 	 	 	 	 	 	 	10	 	 	 	 	 	 	 	 	 	 	 	 	 	 	 	 	 	 	 	74	 	 	 	 	 	 	 	 	 	 	40	 	 	 	 	 	 	 	 	 	 	 	 	 	 	 
60	 	 	 	 	 	 	 	 	 	 	 	 	-14	-14	 	 	 	 	 	 	 	 	 	 	 	 	 	 	 	 	 	 	 	 	 	 	 	 	 	 	 	 	 	 	 	 	 	 	 	 	 	 	 	 	 	 	 	 	 	 	 	 	 	 	 	 	 	 	 	 	 	 	 	 	 	 	 	 	 	 	 	 	 	 	 	 	 	 	 
61	 	 	 	 	 	 	 	 	 	 	 	-81	75	 	 	 	 	 	 	 	66	 	67	68	71	72	 	 	 	 	 	 	 	 	 	 	 	 	 	 	 	 	23	 	 	 	 	 	 	 	 	 	 	 	 	 	 	 	 	 	 	 	 	76	65	64	 	 	 	 	 	 	70	 	73	 	 	 	 	 	 	69	 	 	 	 	 	 	 
62	 	 	 	 	-20	 	 	 	 	 	 	-20	-20	 	 	-20	 	 	 	-20	-20	-20	-20	-20	-20	-20	 	 	 	 	 	 	 	 	 	 	 	 	 	 	 	 	-20	 	 	 	 	 	-20	 	 	 	 	 	 	 	 	 	 	 	 	 	 	 	 	 	 	 	 	 	 	 	 	 	 	 	 	 	 	 	 	 	 	 	 	 	 	 	 
63	 	 	 	 	 	 	 	 	 	 	 	-23	-23	 	 	 	 	 	 	 	-23	 	-23	-23	-23	-23	 	 	 	 	 	 	 	 	 	 	 	 	 	 	 	 	-23	 	 	 	 	 	 	 	 	 	 	 	 	 	 	 	 	 	 	 	 	 	 	 	 	 	 	 	 	 	 	 	 	 	 	 	 	 	 	 	 	 	 	 	 	 	 
64	 	 	 	 	 	 	 	 	 	 	 	-27	-27	 	 	 	 	 	 	 	-27	 	-27	-27	-27	-27	 	 	 	 	 	 	 	 	 	 	 	 	 	 	 	 	-27	 	 	 	 	 	 	 	 	 	 	 	 	 	 	 	 	 	 	 	 	 	 	 	 	 	 	 	 	 	 	 	 	 	 	 	 	 	 	 	 	 	 	 	 	 	 
65	 	 	 	 	 	 	 	 	 	 	 	-28	-28	 	 	 	 	 	 	 	-28	 	-28	-28	-28	-28	 	 	 	 	 	 	 	 	 	 	 	 	 	 	 	 	-28	 	 	 	 	 	 	 	 	 	 	 	 	 	 	 	 	 	 	 	 	 	 	 	 	 	 	 	 	 	 	 	 	 	 	 	 	 	 	 	 	 	 	 	 	 	 
66	 	 	 	 	 	 	 	 	 	 	 	 	 	 	 	 	77	 	 	 	 	 	 	 	 	 	 	 	 	 	 	 	 	 	 	 	 	 	 	 	 	 	 	 	 	 	 	 	 	 	 	 	 	 	 	 	 	 	 	 	 	 	 	 	 	 	 	 	 	 	 	 	 	 	 	 	 	 	 	 	 	 	 	 	 	 	 	 	 
67	 	 	 	 	 	 	 	 	 	 	 	-87	-87	 	 	 	-87	 	 	 	-87	-87	-87	-87	-87	-87	 	 	 	 	 	 	 	 	 	 	 	 	 	 	 	 	-87	 	 	 	 	 	 	 	 	 	 	 	 	 	 	 	 	 	 	 	 	 	 	 	 	 	 	 	 	 	 	 	 	 	 	 	 	 	 	 	 	 	 	 	 	78	
68	 	 	 	 	 	 	 	 	 	 	 	-87	-87	 	 	 	-87	 	 	 	-87	-87	-87	-87	-87	-87	 	 	 	 	 	 	 	 	 	 	 	 	 	 	 	 	-87	 	 	 	 	 	 	 	 	 	 	 	 	 	 	 	 	 	 	 	 	 	 	 	 	 	 	 	 	 	 	 	 	 	 	 	 	 	 	 	 	 	 	 	 	79	
69	 	 	 	 	 	 	 	 	 	 	 	55	 	 	 	 	 	 	 	 	 	 	 	 	 	 	 	 	 	 	 	 	 	 	 	 	 	 	 	 	 	 	 	 	 	 	 	 	 	 	 	 	 	 	 	 	 	 	80	 	 	 	 	 	 	 	 	 	 	 	 	 	 	 	 	 	 	 	 	 	 	 	 	 	 	 	 	 	 
70	 	 	 	 	 	81	 	83	 	 	 	 	 	 	 	 	 	 	 	 	 	 	 	 	 	 	 	 	 	 	 	 	 	 	 	 	 	 	 	 	 	82	 	 	 	 	 	 	 	 	 	 	 	 	 	 	 	 	 	 	 	 	 	 	 	 	 	 	 	 	 	 	 	 	 	 	 	 	 	 	 	 	 	 	 	 	 	 	 
71	 	 	 	 	 	 	 	 	 	 	 	 	 	84	 	 	 	 	 	 	 	 	 	 	 	 	 	 	 	 	 	 	 	 	 	 	 	 	 	 	 	 	 	 	 	 	 	 	 	 	 	 	 	 	 	 	 	 	 	 	 	 	 	 	 	 	 	 	 	 	 	 	 	 	 	 	 	 	 	 	 	 	 	 	 	 	 	 	 
72	 	 	 	 	 	 	 	 	 	 	 	 	 	85	 	 	 	 	 	 	 	 	 	 	 	 	 	 	 	 	 	 	 	 	 	 	 	 	 	 	 	 	 	 	 	 	 	 	 	 	 	 	 	 	 	 	 	 	 	 	 	 	 	 	 	 	 	 	 	 	 	 	 	 	 	 	 	 	 	 	 	 	 	 	 	 	 	 	 
73	 	 	 	 	 	-72	 	-72	-72	 	 	 	 	-72	 	 	 	-72	-72	 	 	 	 	 	 	 	-72	-72	-72	-72	-72	-72	-72	-72	-72	-72	-72	-72	-72	-72	 	-72	 	 	 	 	 	 	 	 	 	 	 	 	 	 	 	 	 	 	 	 	 	 	 	 	 	 	 	 	 	 	 	 	 	 	 	 	 	 	 	 	 	 	 	 	 	 	 
74	 	 	 	 	 	 	 	 	 	 	 	 	 	 	86	 	 	 	47	 	 	 	 	 	 	 	 	 	 	 	 	 	 	 	 	 	 	 	 	 	 	 	 	 	 	 	 	 	 	 	 	 	 	 	 	 	 	 	 	 	 	 	 	 	 	 	 	 	 	 	 	 	 	 	 	 	 	 	 	 	 	 	 	 	 	 	 	 	 
75	 	 	 	 	-19	 	 	 	 	 	 	-19	-19	 	 	-19	 	 	 	 	-19	-19	-19	-19	-19	-19	 	 	 	 	 	 	 	 	 	 	 	 	 	 	 	 	-19	 	 	 	 	 	-19	 	 	 	 	 	 	 	 	 	 	 	 	 	 	 	 	 	 	 	 	 	 	 	 	 	 	 	 	 	 	 	 	 	 	 	 	 	 	 	 
76	 	 	 	 	 	 	 	 	 	 	 	-22	-22	 	 	 	 	 	 	 	-22	 	-22	-22	-22	-22	 	 	 	 	 	 	 	 	 	 	 	 	 	 	 	 	-22	 	 	 	 	 	 	 	 	 	 	 	 	 	 	 	 	 	 	 	 	 	 	 	 	 	 	 	 	 	 	 	 	 	 	 	 	 	 	 	 	 	 	 	 	 	 
77	 	 	 	 	 	 	 	 	 	 	 	 	 	 	 	 	95	 	 	 	 	 	 	 	 	 	 	 	 	 	 	 	 	 	 	97	 	 	93	94	98	 	23	104	105	106	107	32	 	 	 	 	 	 	 	 	 	 	 	 	 	 	 	 	 	 	87	88	89	90	91	 	92	 	96	 	99	100	101	102	103	 	 	 	 	 	 	 	 
78	 	 	 	 	 	 	 	 	 	 	 	 	 	 	 	 	108	 	 	 	 	 	 	 	 	 	 	 	 	 	 	 	 	 	 	 	 	 	 	 	 	 	 	 	 	 	 	 	 	 	 	 	 	 	 	 	 	 	 	 	 	 	 	 	 	 	 	 	 	 	 	 	 	 	 	 	 	 	 	 	 	 	 	 	 	 	 	 	 
79	 	 	 	 	 	 	 	 	 	 	 	-81	 	 	 	 	 	 	 	 	110	 	67	68	71	72	 	 	 	 	 	 	 	 	 	 	 	 	 	 	 	 	23	 	 	 	 	 	 	 	 	 	 	 	 	 	 	 	 	 	 	 	 	 	 	109	 	 	 	 	 	 	70	 	73	 	 	 	 	 	 	69	 	 	 	 	 	 	 
80	 	 	 	 	 	 	 	 	 	 	 	-34	-34	 	 	 	 	 	 	 	-34	-34	-34	-34	-34	-34	 	 	 	 	 	 	 	 	 	 	 	 	 	 	 	 	-34	 	 	 	 	 	 	 	 	 	 	 	 	 	 	 	 	 	 	 	 	 	 	 	 	 	 	 	 	 	 	 	 	 	 	 	 	 	 	 	 	 	 	 	 	 	 
81	 	 	 	 	 	 	 	 	 	 	 	 	 	 	 	 	95	 	 	 	 	 	 	 	 	 	 	 	 	 	 	 	 	 	 	97	 	 	93	94	98	 	23	104	105	106	107	32	 	 	 	 	 	 	 	 	 	 	 	 	 	 	 	 	 	 	111	88	89	90	91	 	92	 	96	 	99	100	101	102	103	 	 	 	 	 	 	 	 
82	 	 	 	 	 	 	 	 	 	 	 	 	 	 	 	 	 	 	 	 	 	 	 	 	 	 	 	 	 	 	 	 	 	 	 	 	 	 	 	 	 	 	23	 	 	 	 	 	 	 	 	 	 	 	 	 	 	 	 	 	 	 	 	 	 	 	 	 	 	 	 	 	 	 	112	 	 	 	 	 	 	 	 	 	 	 	 	 	 
83	 	 	 	 	 	 	 	 	 	 	 	 	 	 	 	 	95	 	 	 	 	 	 	 	 	 	 	 	 	 	 	 	 	 	 	97	 	 	93	94	98	 	23	104	105	106	107	32	 	 	 	 	 	 	 	 	 	 	 	 	 	 	 	 	 	 	113	88	89	90	91	 	92	 	96	 	99	100	101	102	103	 	 	 	 	 	 	 	 
84	 	 	 	 	 	 	 	 	 	 	 	-36	-36	 	 	 	 	 	 	 	-36	-36	-36	-36	-36	-36	 	 	 	 	 	 	 	 	 	 	 	 	 	 	 	 	-36	 	 	 	 	 	 	 	 	 	 	 	 	 	 	 	 	 	 	 	 	 	 	 	 	 	 	 	 	 	 	 	 	 	 	 	 	 	 	 	 	 	 	 	 	 	 
85	 	 	 	 	 	 	 	 	 	 	 	-37	-37	 	 	 	 	 	 	 	-37	-37	-37	-37	-37	-37	 	 	 	 	 	 	 	 	 	 	 	 	 	 	 	 	-37	 	 	 	 	 	 	 	 	 	 	 	 	 	 	 	 	 	 	 	 	 	 	 	 	 	 	 	 	 	 	 	 	 	 	 	 	 	 	 	 	 	 	 	 	 	 
86	18	19	20	21	 	 	 	 	 	 	 	 	 	 	 	 	 	 	 	 	 	 	 	 	 	 	 	 	 	 	 	 	 	 	 	 	 	 	 	 	 	 	23	 	 	 	 	 	 	 	 	 	 	114	 	 	 	 	 	 	 	 	 	 	 	 	 	 	 	 	 	 	 	 	22	 	 	 	 	 	 	 	 	 	 	 	 	 	 
87	 	 	 	 	 	 	 	 	 	 	 	 	 	 	 	 	 	115	 	 	 	 	 	 	 	 	116	117	 	 	 	 	 	 	 	 	 	 	 	 	 	 	 	 	 	 	 	 	 	 	 	 	 	 	 	 	 	 	 	 	 	 	 	 	 	 	 	 	 	 	 	 	 	 	 	 	 	 	 	 	 	 	 	 	 	 	 	 	 
88	 	 	 	 	 	 	 	 	-40	 	 	 	 	-40	 	 	 	-40	-40	 	 	 	 	 	 	 	-40	-40	118	119	120	121	122	123	 	 	 	 	 	 	 	 	 	 	 	 	 	 	 	 	 	 	 	 	 	 	 	 	 	 	 	 	 	 	 	 	 	 	 	 	 	 	 	 	 	 	 	 	 	 	 	 	 	 	 	 	 	 	 
89	 	 	 	 	 	 	 	 	-47	 	 	 	 	-47	 	 	 	-47	-47	 	 	 	 	 	 	 	-47	-47	-47	-47	-47	-47	-47	-47	124	125	 	 	 	 	 	 	 	 	 	 	 	 	 	 	 	 	 	 	 	 	 	 	 	 	 	 	 	 	 	 	 	 	 	 	 	 	 	 	 	 	 	 	 	 	 	 	 	 	 	 	 	 	 
90	 	 	 	 	 	 	 	 	-50	 	 	 	 	-50	 	 	 	-50	-50	 	 	 	 	 	 	 	-50	-50	-50	-50	-50	-50	-50	-50	-50	-50	126	127	 	 	 	 	 	 	 	 	 	 	 	 	 	 	 	 	 	 	 	 	 	 	 	 	 	 	 	 	 	 	 	 	 	 	 	 	 	 	 	 	 	 	 	 	 	 	 	 	 	 	 
91	 	 	 	 	 	 	 	 	-53	 	 	 	 	-53	 	 	 	-53	-53	 	 	 	 	 	 	 	-53	-53	-53	-53	-53	-53	-53	-53	-53	-53	-53	-53	 	 	 	 	 	 	 	 	 	 	 	 	 	 	 	 	 	 	 	 	 	 	 	 	 	 	 	 	 	 	 	 	 	 	 	 	 	 	 	 	 	 	 	 	 	 	 	 	 	 	 
92	 	 	 	 	 	 	 	83	-54	 	 	 	 	-54	 	 	 	-54	-54	 	 	 	 	 	 	 	-54	-54	-54	-54	-54	-54	-54	-54	-54	-54	-54	-54	128	129	 	82	 	 	 	 	 	 	 	 	 	 	 	 	 	 	 	 	 	 	 	 	 	 	 	 	 	 	 	 	 	 	 	 	 	 	 	 	 	 	 	 	 	 	 	 	 	 	 
93	 	 	 	 	 	 	 	 	 	 	 	 	 	 	 	 	 	 	 	 	 	 	 	 	 	 	 	 	 	 	 	 	 	 	 	 	 	 	 	 	 	 	23	 	 	 	 	 	 	 	 	 	 	 	 	 	 	 	 	 	 	 	 	 	 	 	 	 	 	 	 	 	130	 	73	 	 	 	 	 	 	 	 	 	 	 	 	 	 
94	 	 	 	 	 	 	 	 	 	 	 	 	 	 	 	 	 	 	 	 	 	 	 	 	 	 	 	 	 	 	 	 	 	 	 	 	 	 	 	 	 	 	23	 	 	 	 	 	 	 	 	 	 	 	 	 	 	 	 	 	 	 	 	 	 	 	 	 	 	 	 	 	131	 	73	 	 	 	 	 	 	 	 	 	 	 	 	 	 
95	 	 	 	 	 	 	 	 	 	 	 	 	 	 	 	 	95	 	 	 	 	 	 	 	 	 	 	 	 	 	 	 	 	 	 	97	 	 	93	94	98	 	23	104	105	106	107	32	 	 	 	 	 	 	 	 	 	 	 	 	 	 	 	 	 	 	132	88	89	90	91	 	92	 	96	 	99	100	101	102	103	 	 	 	 	 	 	 	 
96	 	 	 	 	 	-72	 	-72	-72	 	 	 	 	-72	 	 	-83	-72	-72	 	 	 	 	 	 	 	-72	-72	-72	-72	-72	-72	-72	-72	-72	-72	-72	-72	-72	-72	 	-72	 	 	 	 	 	 	 	 	 	 	 	 	 	 	 	 	 	 	 	 	 	 	 	 	 	 	 	 	 	 	 	 	 	 	 	 	 	 	 	 	 	133	 	 	 	 	 
97	 	 	 	 	 	 	 	 	 	 	 	 	 	 	 	 	95	 	 	 	 	 	 	 	 	 	 	 	 	 	 	 	 	 	 	97	 	 	93	94	98	 	23	104	105	106	107	32	 	 	 	 	 	 	 	 	 	 	 	 	 	 	 	 	 	 	 	 	 	 	134	 	92	 	96	 	99	100	101	102	103	 	 	 	 	 	 	 	 
98	 	 	 	 	 	 	 	 	 	 	 	 	 	 	 	 	95	 	 	 	 	 	 	 	 	 	 	 	 	 	 	 	 	 	 	97	 	 	93	94	98	 	23	104	105	106	107	32	 	 	 	 	 	 	 	 	 	 	 	 	 	 	 	 	 	 	 	 	 	 	135	 	92	 	96	 	99	100	101	102	103	 	 	 	 	 	 	 	 
99	 	 	 	 	 	 	 	 	-63	 	 	 	 	-63	 	 	 	-63	-63	 	 	 	 	 	 	 	-63	-63	-63	-63	-63	-63	-63	-63	-63	-63	-63	-63	 	 	 	 	 	 	 	 	 	 	 	 	 	 	 	 	 	 	 	 	 	 	 	 	 	 	 	 	 	 	 	 	 	 	 	 	 	 	 	 	 	 	 	 	 	 	 	 	 	 	 
100	 	 	 	 	 	 	 	 	-64	 	 	 	 	-64	 	 	 	-64	-64	 	 	 	 	 	 	 	-64	-64	-64	-64	-64	-64	-64	-64	-64	-64	-64	-64	 	 	 	 	 	 	 	 	 	 	 	 	 	 	 	 	 	 	 	 	 	 	 	 	 	 	 	 	 	 	 	 	 	 	 	 	 	 	 	 	 	 	 	 	 	 	 	 	 	 	 
101	 	 	 	 	 	 	 	 	-65	 	 	 	 	-65	 	 	 	-65	-65	 	 	 	 	 	 	 	-65	-65	-65	-65	-65	-65	-65	-65	-65	-65	-65	-65	 	 	 	 	 	 	 	 	 	 	 	 	 	 	 	 	 	 	 	 	 	 	 	 	 	 	 	 	 	 	 	 	 	 	 	 	 	 	 	 	 	 	 	 	 	 	 	 	 	 	 
102	 	 	 	 	 	 	 	 	-66	 	 	 	 	-66	 	 	 	-66	-66	 	 	 	 	 	 	 	-66	-66	-66	-66	-66	-66	-66	-66	-66	-66	-66	-66	 	 	 	 	 	 	 	 	 	 	 	 	 	 	 	 	 	 	 	 	 	 	 	 	 	 	 	 	 	 	 	 	 	 	 	 	 	 	 	 	 	 	 	 	 	 	 	 	 	 	 
103	 	 	 	 	 	 	 	 	-67	 	 	 	 	-67	 	 	 	-67	-67	 	 	 	 	 	 	 	-67	-67	-67	-67	-67	-67	-67	-67	-67	-67	-67	-67	 	 	 	 	 	 	 	 	 	 	 	 	 	 	 	 	 	 	 	 	 	 	 	 	 	 	 	 	 	 	 	 	 	 	 	 	 	 	 	 	 	 	 	 	 	 	 	 	 	 	 
104	 	 	 	 	 	 	 	 	-76	 	 	 	 	-76	 	 	 	-76	-76	 	 	 	 	 	 	 	-76	-76	-76	-76	-76	-76	-76	-76	-76	-76	-76	-76	 	 	 	 	 	 	 	 	 	 	 	 	 	 	 	 	 	 	 	 	 	 	 	 	 	 	 	 	 	 	 	 	 	 	 	 	 	 	 	 	 	 	 	 	 	 	 	 	 	 	 
105	 	 	 	 	 	 	 	 	-77	 	 	 	 	-77	 	 	 	-77	-77	 	 	 	 	 	 	 	-77	-77	-77	-77	-77	-77	-77	-77	-77	-77	-77	-77	 	 	 	 	 	 	 	 	 	 	 	 	 	 	 	 	 	 	 	 	 	 	 	 	 	 	 	 	 	 	 	 	 	 	 	 	 	 	 	 	 	 	 	 	 	 	 	 	 	 	 
106	 	 	 	 	 	 	 	 	-78	 	 	 	 	-78	 	 	 	-78	-78	 	 	 	 	 	 	 	-78	-78	-78	-78	-78	-78	-78	-78	-78	-78	-78	-78	 	 	 	 	 	 	 	 	 	 	 	 	 	 	 	 	 	 	 	 	 	 	 	 	 	 	 	 	 	 	 	 	 	 	 	 	 	 	 	 	 	 	 	 	 	 	 	 	 	 	 
107	 	 	 	 	 	 	 	 	-79	 	 	 	 	-79	 	 	 	-79	-79	 	 	 	 	 	 	 	-79	-79	-79	-79	-79	-79	-79	-79	-79	-79	-79	-79	 	 	 	 	 	 	 	 	 	 	 	 	 	 	 	 	 	 	 	 	 	 	 	 	 	 	 	 	 	 	 	 	 	 	 	 	 	 	 	 	 	 	 	 	 	 	 	 	 	 	 
108	 	 	 	 	 	 	 	 	 	 	 	 	 	 	 	 	95	 	 	 	 	 	 	 	 	 	 	 	 	 	 	 	 	 	 	97	 	 	93	94	98	 	23	104	105	106	107	32	 	 	 	 	 	 	 	 	 	 	 	 	 	 	 	 	 	 	136	88	89	90	91	 	92	 	96	 	99	100	101	102	103	 	 	 	 	 	 	 	 
109	 	 	 	 	 	 	 	 	 	 	 	 	 	 	 	 	 	 	 	 	 	 	137	 	 	 	 	 	 	 	 	 	 	 	 	 	 	 	 	 	 	 	 	 	 	 	 	 	 	 	 	 	 	 	 	 	 	 	 	 	 	 	 	 	 	 	 	 	 	 	 	 	 	 	 	 	 	 	 	 	 	 	 	 	 	 	 	 	 
110	 	 	 	 	 	 	 	 	 	 	 	 	 	 	 	 	138	 	 	 	 	 	 	 	 	 	 	 	 	 	 	 	 	 	 	 	 	 	 	 	 	 	 	 	 	 	 	 	 	 	 	 	 	 	 	 	 	 	 	 	 	 	 	 	 	 	 	 	 	 	 	 	 	 	 	 	 	 	 	 	 	 	 	 	 	 	 	 	 
111	 	 	 	 	 	 	 	 	 	 	 	 	 	139	 	 	 	 	 	 	 	 	 	 	 	 	116	117	 	 	 	 	 	 	 	 	 	 	 	 	 	 	 	 	 	 	 	 	 	 	 	 	 	 	 	 	 	 	 	 	 	 	 	 	 	 	 	 	 	 	 	 	 	 	 	 	 	 	 	 	 	 	 	 	 	 	 	 	 
112	 	 	 	 	 	-70	 	-70	-70	 	 	 	 	-70	 	 	 	-70	-70	 	 	 	 	 	 	 	-70	-70	-70	-70	-70	-70	-70	-70	-70	-70	-70	-70	-70	-70	 	-70	 	 	 	 	 	 	 	 	 	 	 	 	 	 	 	 	 	 	 	 	 	 	 	 	 	 	 	 	 	 	 	 	 	 	 	 	 	 	 	 	 	 	 	 	 	 	 
113	 	 	 	 	 	 	 	 	140	 	 	 	 	 	 	 	 	 	 	 	 	 	 	 	 	 	116	117	 	 	 	 	 	 	 	 	 	 	 	 	 	 	 	 	 	 	 	 	 	 	 	 	 	 	 	 	 	 	 	 	 	 	 	 	 	 	 	 	 	 	 	 	 	 	 	 	 	 	 	 	 	 	 	 	 	 	 	 	 
114	 	 	 	 	 	 	 	 	 	 	 	 	 	141	 	 	 	 	 	 	 	 	 	 	 	 	 	 	 	 	 	 	 	 	 	 	 	 	 	 	 	 	 	 	 	 	 	 	 	 	 	 	 	 	 	 	 	 	 	 	 	 	 	 	 	 	 	 	 	 	 	 	 	 	 	 	 	 	 	 	 	 	 	 	 	 	 	 	 
115	 	 	 	 	 	 	 	 	 	 	 	-85	-85	 	 	 	 	 	 	 	-85	-85	-85	-85	-85	-85	 	 	 	 	 	 	 	 	 	 	 	 	 	 	 	 	-85	 	 	 	 	 	 	 	 	 	 	 	 	 	 	 	 	 	 	 	 	 	 	 	 	 	 	 	 	 	 	 	 	 	 	 	 	 	 	 	 	 	 	142	 	 	 
116	 	 	 	 	 	 	 	 	 	 	 	 	 	 	 	 	95	 	 	 	 	 	 	 	 	 	 	 	 	 	 	 	 	 	 	97	 	 	93	94	98	 	23	104	105	106	107	32	 	 	 	 	 	 	 	 	 	 	 	 	 	 	 	 	 	 	 	143	89	90	91	 	92	 	96	 	99	100	101	102	103	 	 	 	 	 	 	 	 
117	 	 	 	 	 	 	 	 	 	 	 	 	 	 	 	 	95	 	 	 	 	 	 	 	 	 	 	 	 	 	 	 	 	 	 	97	 	 	93	94	98	 	23	104	105	106	107	32	 	 	 	 	 	 	 	 	 	 	 	 	 	 	 	 	 	 	 	144	89	90	91	 	92	 	96	 	99	100	101	102	103	 	 	 	 	 	 	 	 
118	 	 	 	 	 	 	 	 	 	 	 	 	 	 	 	 	95	 	 	 	 	 	 	 	 	 	 	 	 	 	 	 	 	 	 	97	 	 	93	94	98	 	23	104	105	106	107	32	 	 	 	 	 	 	 	 	 	 	 	 	 	 	 	 	 	 	 	 	145	90	91	 	92	 	96	 	99	100	101	102	103	 	 	 	 	 	 	 	 
119	 	 	 	 	 	 	 	 	 	 	 	 	 	 	 	 	95	 	 	 	 	 	 	 	 	 	 	 	 	 	 	 	 	 	 	97	 	 	93	94	98	 	23	104	105	106	107	32	 	 	 	 	 	 	 	 	 	 	 	 	 	 	 	 	 	 	 	 	146	90	91	 	92	 	96	 	99	100	101	102	103	 	 	 	 	 	 	 	 
120	 	 	 	 	 	 	 	 	 	 	 	 	 	 	 	 	95	 	 	 	 	 	 	 	 	 	 	 	 	 	 	 	 	 	 	97	 	 	93	94	98	 	23	104	105	106	107	32	 	 	 	 	 	 	 	 	 	 	 	 	 	 	 	 	 	 	 	 	147	90	91	 	92	 	96	 	99	100	101	102	103	 	 	 	 	 	 	 	 
121	 	 	 	 	 	 	 	 	 	 	 	 	 	 	 	 	95	 	 	 	 	 	 	 	 	 	 	 	 	 	 	 	 	 	 	97	 	 	93	94	98	 	23	104	105	106	107	32	 	 	 	 	 	 	 	 	 	 	 	 	 	 	 	 	 	 	 	 	148	90	91	 	92	 	96	 	99	100	101	102	103	 	 	 	 	 	 	 	 
122	 	 	 	 	 	 	 	 	 	 	 	 	 	 	 	 	95	 	 	 	 	 	 	 	 	 	 	 	 	 	 	 	 	 	 	97	 	 	93	94	98	 	23	104	105	106	107	32	 	 	 	 	 	 	 	 	 	 	 	 	 	 	 	 	 	 	 	 	149	90	91	 	92	 	96	 	99	100	101	102	103	 	 	 	 	 	 	 	 
123	 	 	 	 	 	 	 	 	 	 	 	 	 	 	 	 	95	 	 	 	 	 	 	 	 	 	 	 	 	 	 	 	 	 	 	97	 	 	93	94	98	 	23	104	105	106	107	32	 	 	 	 	 	 	 	 	 	 	 	 	 	 	 	 	 	 	 	 	150	90	91	 	92	 	96	 	99	100	101	102	103	 	 	 	 	 	 	 	 
124	 	 	 	 	 	 	 	 	 	 	 	 	 	 	 	 	95	 	 	 	 	 	 	 	 	 	 	 	 	 	 	 	 	 	 	97	 	 	93	94	98	 	23	104	105	106	107	32	 	 	 	 	 	 	 	 	 	 	 	 	 	 	 	 	 	 	 	 	 	151	91	 	92	 	96	 	99	100	101	102	103	 	 	 	 	 	 	 	 
125	 	 	 	 	 	 	 	 	 	 	 	 	 	 	 	 	95	 	 	 	 	 	 	 	 	 	 	 	 	 	 	 	 	 	 	97	 	 	93	94	98	 	23	104	105	106	107	32	 	 	 	 	 	 	 	 	 	 	 	 	 	 	 	 	 	 	 	 	 	152	91	 	92	 	96	 	99	100	101	102	103	 	 	 	 	 	 	 	 
126	 	 	 	 	 	 	 	 	 	 	 	 	 	 	 	 	95	 	 	 	 	 	 	 	 	 	 	 	 	 	 	 	 	 	 	97	 	 	93	94	98	 	23	104	105	106	107	32	 	 	 	 	 	 	 	 	 	 	 	 	 	 	 	 	 	 	 	 	 	 	153	 	92	 	96	 	99	100	101	102	103	 	 	 	 	 	 	 	 
127	 	 	 	 	 	 	 	 	 	 	 	 	 	 	 	 	95	 	 	 	 	 	 	 	 	 	 	 	 	 	 	 	 	 	 	97	 	 	93	94	98	 	23	104	105	106	107	32	 	 	 	 	 	 	 	 	 	 	 	 	 	 	 	 	 	 	 	 	 	 	154	 	92	 	96	 	99	100	101	102	103	 	 	 	 	 	 	 	 
128	 	 	 	 	 	 	 	 	-57	 	 	 	 	-57	 	 	 	-57	-57	 	 	 	 	 	 	 	-57	-57	-57	-57	-57	-57	-57	-57	-57	-57	-57	-57	 	 	 	 	 	 	 	 	 	 	 	 	 	 	 	 	 	 	 	 	 	 	 	 	 	 	 	 	 	 	 	 	 	 	 	 	 	 	 	 	 	 	 	 	 	 	 	 	 	 	 
129	 	 	 	 	 	 	 	 	-58	 	 	 	 	-58	 	 	 	-58	-58	 	 	 	 	 	 	 	-58	-58	-58	-58	-58	-58	-58	-58	-58	-58	-58	-58	 	 	 	 	 	 	 	 	 	 	 	 	 	 	 	 	 	 	 	 	 	 	 	 	 	 	 	 	 	 	 	 	 	 	 	 	 	 	 	 	 	 	 	 	 	 	 	 	 	 	 
130	 	 	 	 	 	 	 	83	-55	 	 	 	 	-55	 	 	 	-55	-55	 	 	 	 	 	 	 	-55	-55	-55	-55	-55	-55	-55	-55	-55	-55	-55	-55	 	 	 	82	 	 	 	 	 	 	 	 	 	 	 	 	 	 	 	 	 	 	 	 	 	 	 	 	 	 	 	 	 	 	 	 	 	 	 	 	 	 	 	 	 	 	 	 	 	 	 
131	 	 	 	 	 	 	 	83	-56	 	 	 	 	-56	 	 	 	-56	-56	 	 	 	 	 	 	 	-56	-56	-56	-56	-56	-56	-56	-56	-56	-56	-56	-56	 	 	 	82	 	 	 	 	 	 	 	 	 	 	 	 	 	 	 	 	 	 	 	 	 	 	 	 	 	 	 	 	 	 	 	 	 	 	 	 	 	 	 	 	 	 	 	 	 	 	 
132	 	 	 	 	 	 	 	 	 	 	 	 	 	 	 	 	 	155	 	 	 	 	 	 	 	 	116	117	 	 	 	 	 	 	 	 	 	 	 	 	 	 	 	 	 	 	 	 	 	 	 	 	 	 	 	 	 	 	 	 	 	 	 	 	 	 	 	 	 	 	 	 	 	 	 	 	 	 	 	 	 	 	 	 	 	 	 	 	 
133	 	 	 	 	 	 	 	 	 	 	 	 	 	 	 	 	156	 	 	 	 	 	 	 	 	 	 	 	 	 	 	 	 	 	 	 	 	 	 	 	 	 	 	 	 	 	 	 	 	 	 	 	 	 	 	 	 	 	 	 	 	 	 	 	 	 	 	 	 	 	 	 	 	 	 	 	 	 	 	 	 	 	 	 	 	 	 	 	 
134	 	 	 	 	 	 	 	 	-61	 	 	 	 	-61	 	 	 	-61	-61	 	 	 	 	 	 	 	-61	-61	-61	-61	-61	-61	-61	-61	-61	-61	-61	-61	 	 	 	 	 	 	 	 	 	 	 	 	 	 	 	 	 	 	 	 	 	 	 	 	 	 	 	 	 	 	 	 	 	 	 	 	 	 	 	 	 	 	 	 	 	 	 	 	 	 	 
135	 	 	 	 	 	 	 	 	-62	 	 	 	 	-62	 	 	 	-62	-62	 	 	 	 	 	 	 	-62	-62	-62	-62	-62	-62	-62	-62	-62	-62	-62	-62	 	 	 	 	 	 	 	 	 	 	 	 	 	 	 	 	 	 	 	 	 	 	 	 	 	 	 	 	 	 	 	 	 	 	 	 	 	 	 	 	 	 	 	 	 	 	 	 	 	 	 
136	 	 	 	 	 	 	 	 	 	 	 	 	 	 	 	 	 	157	 	 	 	 	 	 	 	 	116	117	 	 	 	 	 	 	 	 	 	 	 	 	 	 	 	 	 	 	 	 	 	 	 	 	 	 	 	 	 	 	 	 	 	 	 	 	 	 	 	 	 	 	 	 	 	 	 	 	 	 	 	 	 	 	 	 	 	 	 	 	 
137	 	 	 	 	 	 	 	 	 	 	 	 	 	 	 	 	158	 	 	 	 	 	 	 	 	 	 	 	 	 	 	 	 	 	 	 	 	 	 	 	 	 	 	 	 	 	 	 	 	 	 	 	 	 	 	 	 	 	 	 	 	 	 	 	 	 	 	 	 	 	 	 	 	 	 	 	 	 	 	 	 	 	 	 	 	 	 	 	 
138	 	 	 	 	 	 	 	 	 	 	 	 	 	 	 	 	95	 	 	 	 	 	 	 	 	 	 	 	 	 	 	 	 	 	 	97	 	 	93	94	98	 	23	104	105	106	107	32	 	 	 	 	 	 	 	 	 	 	 	 	 	 	 	 	 	 	159	88	89	90	91	 	92	 	96	 	99	100	101	102	103	 	 	 	 	 	 	 	 
139	 	 	 	 	 	 	 	 	 	 	 	-35	-35	 	 	 	 	 	 	 	-35	-35	-35	-35	-35	-35	 	 	 	 	 	 	 	 	 	 	 	 	 	 	 	 	-35	 	 	 	 	 	 	 	 	 	 	 	 	 	 	 	 	 	 	 	 	 	 	 	 	 	 	 	 	 	 	 	 	 	 	 	 	 	 	 	 	 	 	 	 	 	 
140	 	 	 	 	 	-71	 	-71	-71	 	 	 	 	-71	 	 	 	-71	-71	 	 	 	 	 	 	 	-71	-71	-71	-71	-71	-71	-71	-71	-71	-71	-71	-71	-71	-71	 	-71	 	 	 	 	 	 	 	 	 	 	 	 	 	 	 	 	 	 	 	 	 	 	 	 	 	 	 	 	 	 	 	 	 	 	 	 	 	 	 	 	 	 	 	 	 	 	 
141	 	 	 	 	-24	 	 	 	 	 	 	-24	-24	 	 	-24	 	 	 	-24	-24	-24	-24	-24	-24	-24	 	 	 	 	 	 	 	 	 	 	 	 	 	 	 	 	-24	 	 	 	 	 	-24	 	 	 	 	 	 	 	 	 	 	 	 	 	 	 	 	 	 	 	 	 	 	 	 	 	 	 	 	 	 	 	 	 	 	 	 	 	 	 	 
142	 	 	 	 	 	 	 	 	 	 	 	-81	 	 	 	 	 	 	 	 	66	 	67	68	71	72	 	 	 	 	 	 	 	 	 	 	 	 	 	 	 	 	23	 	 	 	 	 	 	 	 	 	 	 	 	 	 	 	 	 	 	 	 	161	65	160	 	 	 	 	 	 	70	 	73	 	 	 	 	 	 	69	 	 	 	 	 	 	 
143	 	 	 	 	 	 	 	 	-38	 	 	 	 	-38	 	 	 	-38	-38	 	 	 	 	 	 	 	-38	-38	118	119	120	121	122	123	 	 	 	 	 	 	 	 	 	 	 	 	 	 	 	 	 	 	 	 	 	 	 	 	 	 	 	 	 	 	 	 	 	 	 	 	 	 	 	 	 	 	 	 	 	 	 	 	 	 	 	 	 	 	 
144	 	 	 	 	 	 	 	 	-39	 	 	 	 	-39	 	 	 	-39	-39	 	 	 	 	 	 	 	-39	-39	118	119	120	121	122	123	 	 	 	 	 	 	 	 	 	 	 	 	 	 	 	 	 	 	 	 	 	 	 	 	 	 	 	 	 	 	 	 	 	 	 	 	 	 	 	 	 	 	 	 	 	 	 	 	 	 	 	 	 	 	 
145	 	 	 	 	 	 	 	 	-41	 	 	 	 	-41	 	 	 	-41	-41	 	 	 	 	 	 	 	-41	-41	-41	-41	-41	-41	-41	-41	124	125	 	 	 	 	 	 	 	 	 	 	 	 	 	 	 	 	 	 	 	 	 	 	 	 	 	 	 	 	 	 	 	 	 	 	 	 	 	 	 	 	 	 	 	 	 	 	 	 	 	 	 	 	 
146	 	 	 	 	 	 	 	 	-42	 	 	 	 	-42	 	 	 	-42	-42	 	 	 	 	 	 	 	-42	-42	-42	-42	-42	-42	-42	-42	124	125	 	 	 	 	 	 	 	 	 	 	 	 	 	 	 	 	 	 	 	 	 	 	 	 	 	 	 	 	 	 	 	 	 	 	 	 	 	 	 	 	 	 	 	 	 	 	 	 	 	 	 	 	 
147	 	 	 	 	 	 	 	 	-43	 	 	 	 	-43	 	 	 	-43	-43	 	 	 	 	 	 	 	-43	-43	-43	-43	-43	-43	-43	-43	124	125	 	 	 	 	 	 	 	 	 	 	 	 	 	 	 	 	 	 	 	 	 	 	 	 	 	 	 	 	 	 	 	 	 	 	 	 	 	 	 	 	 	 	 	 	 	 	 	 	 	 	 	 	 
148	 	 	 	 	 	 	 	 	-44	 	 	 	 	-44	 	 	 	-44	-44	 	 	 	 	 	 	 	-44	-44	-44	-44	-44	-44	-44	-44	124	125	 	 	 	 	 	 	 	 	 	 	 	 	 	 	 	 	 	 	 	 	 	 	 	 	 	 	 	 	 	 	 	 	 	 	 	 	 	 	 	 	 	 	 	 	 	 	 	 	 	 	 	 	 
149	 	 	 	 	 	 	 	 	-45	 	 	 	 	-45	 	 	 	-45	-45	 	 	 	 	 	 	 	-45	-45	-45	-45	-45	-45	-45	-45	124	125	 	 	 	 	 	 	 	 	 	 	 	 	 	 	 	 	 	 	 	 	 	 	 	 	 	 	 	 	 	 	 	 	 	 	 	 	 	 	 	 	 	 	 	 	 	 	 	 	 	 	 	 	 
150	 	 	 	 	 	 	 	 	-46	 	 	 	 	-46	 	 	 	-46	-46	 	 	 	 	 	 	 	-46	-46	-46	-46	-46	-46	-46	-46	124	125	 	 	 	 	 	 	 	 	 	 	 	 	 	 	 	 	 	 	 	 	 	 	 	 	 	 	 	 	 	 	 	 	 	 	 	 	 	 	 	 	 	 	 	 	 	 	 	 	 	 	 	 	 
151	 	 	 	 	 	 	 	 	-48	 	 	 	 	-48	 	 	 	-48	-48	 	 	 	 	 	 	 	-48	-48	-48	-48	-48	-48	-48	-48	-48	-48	126	127	 	 	 	 	 	 	 	 	 	 	 	 	 	 	 	 	 	 	 	 	 	 	 	 	 	 	 	 	 	 	 	 	 	 	 	 	 	 	 	 	 	 	 	 	 	 	 	 	 	 	 
152	 	 	 	 	 	 	 	 	-49	 	 	 	 	-49	 	 	 	-49	-49	 	 	 	 	 	 	 	-49	-49	-49	-49	-49	-49	-49	-49	-49	-49	126	127	 	 	 	 	 	 	 	 	 	 	 	 	 	 	 	 	 	 	 	 	 	 	 	 	 	 	 	 	 	 	 	 	 	 	 	 	 	 	 	 	 	 	 	 	 	 	 	 	 	 	 
153	 	 	 	 	 	 	 	 	-51	 	 	 	 	-51	 	 	 	-51	-51	 	 	 	 	 	 	 	-51	-51	-51	-51	-51	-51	-51	-51	-51	-51	-51	-51	 	 	 	 	 	 	 	 	 	 	 	 	 	 	 	 	 	 	 	 	 	 	 	 	 	 	 	 	 	 	 	 	 	 	 	 	 	 	 	 	 	 	 	 	 	 	 	 	 	 	 
154	 	 	 	 	 	 	 	 	-52	 	 	 	 	-52	 	 	 	-52	-52	 	 	 	 	 	 	 	-52	-52	-52	-52	-52	-52	-52	-52	-52	-52	-52	-52	 	 	 	 	 	 	 	 	 	 	 	 	 	 	 	 	 	 	 	 	 	 	 	 	 	 	 	 	 	 	 	 	 	 	 	 	 	 	 	 	 	 	 	 	 	 	 	 	 	 	 
155	 	 	 	 	 	 	 	 	-59	 	 	 	 	-59	 	 	 	-59	-59	 	 	 	 	 	 	 	-59	-59	-59	-59	-59	-59	-59	-59	-59	-59	-59	-59	 	 	 	 	 	 	 	 	 	 	 	 	 	 	 	 	 	 	 	 	 	 	 	 	 	 	 	 	 	 	 	 	 	 	 	 	 	 	 	 	 	 	 	 	 	 	 	 	 	 	 
156	 	 	 	 	 	 	 	 	 	 	 	 	 	 	 	 	95	 	 	 	 	 	 	 	 	 	 	 	 	 	 	 	 	 	 	97	 	 	93	94	98	 	23	104	105	106	107	32	 	 	 	 	 	 	 	 	 	 	 	 	 	 	 	 	 	 	163	88	89	90	91	162	92	 	96	 	99	100	101	102	103	 	 	 	 	 	 	 	 
157	 	 	 	 	 	 	 	 	 	 	 	-85	-85	 	 	 	 	 	 	 	-85	-85	-85	-85	-85	-85	 	 	 	 	 	 	 	 	 	 	 	 	 	 	 	 	-85	 	 	 	 	 	 	 	 	 	 	 	 	 	 	 	 	 	 	 	 	 	 	 	 	 	 	 	 	 	 	 	 	 	 	 	 	 	 	 	 	 	 	164	 	 	 
158	 	 	 	 	 	 	 	 	 	 	 	 	 	 	 	 	95	 	 	 	 	 	 	 	 	 	 	 	 	 	 	 	 	 	 	97	 	 	93	94	98	 	23	104	105	106	107	32	 	 	 	 	 	 	 	 	 	 	 	 	 	 	 	 	 	 	165	88	89	90	91	 	92	 	96	 	99	100	101	102	103	 	 	 	 	 	 	 	 
159	 	 	 	 	 	 	 	 	 	 	 	 	 	 	 	 	 	166	 	 	 	 	 	 	 	 	116	117	 	 	 	 	 	 	 	 	 	 	 	 	 	 	 	 	 	 	 	 	 	 	 	 	 	 	 	 	 	 	 	 	 	 	 	 	 	 	 	 	 	 	 	 	 	 	 	 	 	 	 	 	 	 	 	 	 	 	 	 	 
160	 	 	 	 	 	 	 	 	 	 	 	-27	-27	 	 	 	 	 	 	 	-27	167	-27	-27	-27	-27	 	 	 	 	 	 	 	 	 	 	 	 	 	 	 	 	-27	 	 	 	 	 	 	 	 	 	 	 	 	 	 	 	 	 	 	 	 	 	 	 	 	 	 	 	 	 	 	 	 	 	 	 	 	 	 	 	 	 	 	 	 	 	 
161	 	 	 	 	 	 	 	 	 	 	 	-29	-29	 	 	 	 	 	 	 	-29	 	-29	-29	-29	-29	 	 	 	 	 	 	 	 	 	 	 	 	 	 	 	 	-29	 	 	 	 	 	 	 	 	 	 	 	 	 	 	 	 	 	 	 	 	 	 	 	 	 	 	 	 	 	 	 	 	 	 	 	 	 	 	 	 	 	 	 	 	 	 
162	 	 	 	 	 	 	 	 	 	 	 	 	 	 	 	 	 	168	169	 	 	 	 	 	 	 	 	 	 	 	 	 	 	 	 	 	 	 	 	 	 	 	 	 	 	 	 	 	 	 	 	 	 	 	 	 	 	 	 	 	 	 	 	 	 	 	 	 	 	 	 	 	 	 	 	 	 	 	 	 	 	 	 	 	 	 	 	 	 
163	 	 	 	 	 	 	 	 	 	 	 	 	 	 	 	 	 	-69	-69	 	 	 	 	 	 	 	116	117	 	 	 	 	 	 	 	 	 	 	 	 	 	 	 	 	 	 	 	 	 	 	 	 	 	 	 	 	 	 	 	 	 	 	 	 	 	 	 	 	 	 	 	 	 	 	 	 	 	 	 	 	 	 	 	 	 	 	 	 	 
164	 	 	 	 	 	 	 	 	 	 	 	-81	 	 	 	 	 	 	 	 	110	 	67	68	71	72	 	 	 	 	 	 	 	 	 	 	 	 	 	 	 	 	23	 	 	 	 	 	 	 	 	 	 	 	 	 	 	 	 	 	 	 	 	 	 	170	 	 	 	 	 	 	70	 	73	 	 	 	 	 	 	69	 	 	 	 	 	 	 
165	 	 	 	 	 	 	 	 	 	 	 	 	 	 	 	 	 	171	 	 	 	 	 	 	 	 	116	117	 	 	 	 	 	 	 	 	 	 	 	 	 	 	 	 	 	 	 	 	 	 	 	 	 	 	 	 	 	 	 	 	 	 	 	 	 	 	 	 	 	 	 	 	 	 	 	 	 	 	 	 	 	 	 	 	 	 	 	 	 
166	 	 	 	 	 	 	 	 	 	 	 	-85	-85	 	 	 	 	 	 	 	-85	-85	-85	-85	-85	-85	 	 	 	 	 	 	 	 	 	 	 	 	 	 	 	 	-85	 	 	 	 	 	 	 	 	 	 	 	 	 	 	 	 	 	 	 	 	 	 	 	 	 	 	 	 	 	 	 	 	 	 	 	 	 	 	 	 	 	 	172	 	 	 
167	 	 	 	 	 	 	 	 	 	 	 	-86	-86	 	 	 	 	 	 	 	-86	-86	-86	-86	-86	-86	 	 	 	 	 	 	 	 	 	 	 	 	 	 	 	 	-86	 	 	 	 	 	 	 	 	 	 	 	 	 	 	 	 	 	 	 	 	 	 	 	 	 	 	 	 	 	 	 	 	 	 	 	 	 	 	 	 	 	 	 	173	 	 
168	 	 	 	 	 	 	 	 	-60	 	 	 	 	-60	 	 	 	-60	-60	 	 	 	 	 	 	 	-60	-60	-60	-60	-60	-60	-60	-60	-60	-60	-60	-60	 	 	 	 	 	 	 	 	 	 	 	 	 	 	 	 	 	 	 	 	 	 	 	 	 	 	 	 	 	 	 	 	 	 	 	 	 	 	 	 	 	 	 	 	 	 	 	 	 	 	 
169	 	 	 	 	 	 	 	 	 	 	 	 	 	 	 	 	95	 	 	 	 	 	 	 	 	 	 	 	 	 	 	 	 	 	 	97	 	 	93	94	98	 	23	104	105	106	107	32	 	 	 	 	 	 	 	 	 	 	 	 	 	 	 	 	 	 	174	88	89	90	91	 	92	 	96	 	99	100	101	102	103	 	 	 	 	 	 	 	 
170	 	 	 	 	 	 	 	 	 	 	 	-32	-32	 	 	 	 	 	 	 	-32	-32	-32	-32	-32	-32	 	 	 	 	 	 	 	 	 	 	 	 	 	 	 	 	-32	 	 	 	 	 	 	 	 	 	 	 	 	 	 	 	 	 	 	 	 	 	 	 	 	 	 	 	 	 	 	 	 	 	 	 	 	 	 	 	 	 	 	 	 	 	 
171	 	 	 	 	 	 	 	 	 	 	 	 	 	175	 	 	 	 	 	 	 	 	 	 	 	 	 	 	 	 	 	 	 	 	 	 	 	 	 	 	 	 	 	 	 	 	 	 	 	 	 	 	 	 	 	 	 	 	 	 	 	 	 	 	 	 	 	 	 	 	 	 	 	 	 	 	 	 	 	 	 	 	 	 	 	 	 	 	 
172	 	 	 	 	 	 	 	 	 	 	 	-81	 	 	 	 	 	 	 	 	110	 	67	68	71	72	 	 	 	 	 	 	 	 	 	 	 	 	 	 	 	 	23	 	 	 	 	 	 	 	 	 	 	 	 	 	 	 	 	 	 	 	 	 	 	176	 	 	 	 	 	 	70	 	73	 	 	 	 	 	 	69	 	 	 	 	 	 	 
173	 	 	 	 	 	 	 	 	 	 	 	-81	 	 	 	 	 	 	 	 	66	 	67	68	71	72	 	 	 	 	 	 	 	 	 	 	 	 	 	 	 	 	23	 	 	 	 	 	 	 	 	 	 	 	 	 	 	 	 	 	 	 	 	 	178	177	 	 	 	 	 	 	70	 	73	 	 	 	 	 	 	69	 	 	 	 	 	 	 
174	 	 	 	 	 	 	 	 	 	 	 	 	 	 	 	 	 	-68	-68	 	 	 	 	 	 	 	116	117	 	 	 	 	 	 	 	 	 	 	 	 	 	 	 	 	 	 	 	 	 	 	 	 	 	 	 	 	 	 	 	 	 	 	 	 	 	 	 	 	 	 	 	 	 	 	 	 	 	 	 	 	 	 	 	 	 	 	 	 	 
175	 	 	 	 	 	 	 	 	 	 	 	-33	-33	 	 	 	 	 	 	 	-33	-33	-33	-33	-33	-33	 	 	 	 	 	 	 	 	 	 	 	 	 	 	 	 	-33	 	 	 	 	 	 	 	 	 	 	 	 	 	 	 	 	 	 	 	 	 	 	 	 	 	 	 	 	 	 	 	 	 	 	 	 	 	 	 	 	 	 	 	 	 	 
176	 	 	 	 	 	 	 	 	 	 	 	 	 	 	 	 	 	 	 	 	 	179	 	 	 	 	 	 	 	 	 	 	 	 	 	 	 	 	 	 	 	 	 	 	 	 	 	 	 	 	 	 	 	 	 	 	 	 	 	 	 	 	 	 	 	 	 	 	 	 	 	 	 	 	 	 	 	 	 	 	 	 	 	 	 	 	 	 	 
177	 	 	 	 	 	 	 	 	 	 	 	-31	-31	 	 	 	 	 	 	 	-31	-31	-31	-31	-31	-31	 	 	 	 	 	 	 	 	 	 	 	 	 	 	 	 	-31	 	 	 	 	 	 	 	 	 	 	 	 	 	 	 	 	 	 	 	 	 	 	 	 	 	 	 	 	 	 	 	 	 	 	 	 	 	 	 	 	 	 	 	 	 	 
178	 	 	 	 	 	 	 	 	 	 	 	-30	-30	 	 	 	 	 	 	 	-30	 	-30	-30	-30	-30	 	 	 	 	 	 	 	 	 	 	 	 	 	 	 	 	-30	 	 	 	 	 	 	 	 	 	 	 	 	 	 	 	 	 	 	 	 	 	 	 	 	 	 	 	 	 	 	 	 	 	 	 	 	 	 	 	 	 	 	 	 	 	 
179	 	 	 	 	 	 	 	 	 	 	 	-86	-86	 	 	 	 	 	 	 	-86	-86	-86	-86	-86	-86	 	 	 	 	 	 	 	 	 	 	 	 	 	 	 	 	-86	 	 	 	 	 	 	 	 	 	 	 	 	 	 	 	 	 	 	 	 	 	 	 	 	 	 	 	 	 	 	 	 	 	 	 	 	 	 	 	 	 	 	 	180	 	 
180	 	 	 	 	 	 	 	 	 	 	 	-81	 	 	 	 	 	 	 	 	110	 	67	68	71	72	 	 	 	 	 	 	 	 	 	 	 	 	 	 	 	 	23	 	 	 	 	 	 	 	 	 	 	 	 	 	 	 	 	 	 	 	 	 	 	177	 	 	 	 	 	 	70	 	73	 	 	 	 	 	 	69	 	 	 	 	 	 	 
